{"schemaVersion":"1.0","appDefinitionTemplate":{"id":"/providers/Microsoft.PowerApps/apps/","type":"Microsoft.PowerApps/apps","tags":{"primaryDeviceWidth":"1366","primaryDeviceHeight":"768","supportsPortrait":"true","supportsLandscape":"true","primaryFormFactor":"Tablet","showStatusBar":"false","publisherVersion":"3.24034.17","minimumRequiredApiVersion":"2.2.0","hasComponent":"false","hasUnlockedComponent":"false","isUnifiedRootApp":"false","sienaVersion":"20240411T133422Z-3.24034.17.0"},"properties":{"appVersion":"2024-04-11T13:34:22Z","lifeCycleId":"Published","createdByClientVersion":{"major":3,"minor":24034,"build":17,"revision":0,"majorRevision":0,"minorRevision":0},"minClientVersion":{"major":3,"minor":24034,"build":17,"revision":0,"majorRevision":0,"minorRevision":0},"backgroundColor":"RGBA(0,176,240,1)","backgroundImageUri":"/18368404644978183122/N89fb3db8-a0da-4fde-bc3a-63e61f7adadd-logoSmallFile","displayName":"Visitor Management-Bravin","description":"v3.2","commitMessage":"","appUris":{"documentUri":{"value":"/18368404644978183122/Ne339c9d1-7883-4d4e-b08d-42385bb14615-document.msapp"},"imageUris":[],"additionalUris":[{"isSolutionAware":false,"value":"/18368404644978183122/N45cc74ae-f095-4623-a8fd-8bf84d9ed682-identity.json"}]},"createdTime":"0001-01-01T00:00:00Z","lastModifiedTime":"0001-01-01T00:00:00Z","sharedGroupsCount":0,"sharedUsersCount":0,"connectionReferences":{"2d333a33-b434-4c5f-afb2-38d5311e64d4":{"id":"8a351c9f-1e25-4394-890b-8b2edfb53676","displayName":"Office 365 Users","iconUri":"https://connectoricons-prod.azureedge.net/releases/v1.0.1677/1.0.1677.3637/office365users/icon.png","dataSources":["Office365Users"],"dependencies":[],"dependents":[],"parameterHints":{},"parameterHintsV2":{},"isOnPremiseConnection":false,"bypassConsent":false,"dataSets":{},"apiTier":"Standard","isCustomApiConnection":false,"actions":["MyProfile_V2"]},"7208dbe4-0b5f-476d-b922-be7cb7402ed5":{"id":"15a5e1a0-47e6-4ac9-afbf-703a18dd862b","displayName":"Office 365 Outlook","iconUri":"https://connectoricons-prod.azureedge.net/releases/v1.0.1677/1.0.1677.3637/office365/icon.png","dataSources":["Office365Outlook"],"dependencies":[],"dependents":[],"parameterHints":{},"parameterHintsV2":{},"isOnPremiseConnection":false,"bypassConsent":false,"dataSets":{},"apiTier":"Standard","isCustomApiConnection":false,"actions":["SendEmailV2"]},"bdb33ba0-deb8-4403-8e48-47faafc26986":{"id":"3f805359-0c2a-4bc0-ba10-f51441760a3b","displayName":"SharePoint","iconUri":"https://connectoricons-prod.azureedge.net/releases/v1.0.1682/1.0.1682.3676/sharepointonline/icon.png","dataSources":["Documents","VisitorsList","UsersList"],"dependencies":[],"dependents":[],"parameterHints":{},"parameterHintsV2":{},"isOnPremiseConnection":false,"bypassConsent":false,"dataSets":{"https://4jtn4j.sharepoint.com/sites/PowerApps/PowerAppsMarch2024/Bravin":{"dataSources":{"Documents":{"tableName":"575d9c83-8024-4b0a-9af5-cae8cfeb17ad"},"VisitorsList":{"tableName":"3a35358c-58f4-476d-a9d8-b019006e41e6"},"UsersList":{"tableName":"48c8a427-722e-4dab-a131-468a572ec5df"}}}},"apiTier":"Standard","isCustomApiConnection":false,"actions":["providers/PowerPlatform.Governance/Operations/Read","providers/PowerPlatform.Governance/Operations/Write","providers/PowerPlatform.Governance/Operations/Delete"]}},"databaseReferences":{},"almMode":"Environment","performanceOptimizationEnabled":true,"canConsumeAppPass":true,"enableModernRuntimeMode":false,"executionRestrictions":{"isTeamsOnly":false,"dataLossPreventionEvaluationResult":{"status":"Compliant","lastEvaluationDate":"2024-03-30T06:22:17.7588121Z","violations":[],"violationsByPolicy":[],"violationErrorMessage":"The app uses the following connectors: ."}}},"appType":"ClassicCanvasApp","appComponents":[]}}